{"platform":"wbit","type":"json","xml":"<xml xmlns=\"http://www.w3.org/1999/xhtml\">\n  <block type=\"board\" id=\"%u_Z[l8Iuv%,elvuU4,.\" x=\"50\" y=\"89\">\n    <field name=\"type_\">wifi</field>\n    <field name=\"device_\">Web:bit</field>\n    <statement name=\"callbacks_\">\n      <block type=\"variables_set\" id=\"[/K]Z4Z?Fx(Dd4?|*?6E\">\n        <field name=\"VAR\">arr</field>\n        <value name=\"VALUE\">\n          <block type=\"lists_create_empty\" id=\"g:-gct:?MtD)7v*|juEh\"></block>\n        </value>\n        <next>\n          <block type=\"variables_set\" id=\"yEYdG`1;AIV`w`uO*`8C\">\n            <field name=\"VAR\">num</field>\n            <value name=\"VALUE\">\n              <block type=\"math_number\" id=\"d6x:3LhSJu3}T7w3H/Gy\">\n                <field name=\"NUM\">0</field>\n              </block>\n            </value>\n            <next>\n              <block type=\"demo_monster_talk\" id=\"VxmDz3Jg/1P/LCWmfP[0\">\n                <field name=\"name_\">demoMonster02</field>\n                <value name=\"val_\">\n                  <block type=\"text\" id=\"A8dk%fV87T`F5khvsHk!\">\n                    <field name=\"TEXT\">ok</field>\n                  </block>\n                </value>\n                <next>\n                  <block type=\"controls_loop_forever\" id=\":n5YNZ!m%Xk:kTp/Vt2m\">\n                    <field name=\"async\">TRUE</field>\n                    <statement name=\"do_\">\n                      <block type=\"procedures_callnoreturn\" id=\"v`+1E|_k7|Nx]U.^EFca\">\n                        <mutation name=\"power\">\n                          <arg name=\"x\"></arg>\n                        </mutation>\n                        <value name=\"ARG0\">\n                          <block type=\"math_arithmetic\" id=\"DZp#YN3i^PAqoYD.?=~n\">\n                            <field name=\"OP\">MULTIPLY</field>\n                            <value name=\"A\">\n                              <block type=\"mpu9250_val\" id=\"~TogiD0qwQc~La_RS~mz\">\n                                <field name=\"val_\">accVals[0]</field>\n                              </block>\n                            </value>\n                            <value name=\"B\">\n                              <block type=\"math_number\" id=\"-_z]T,A[o{qhn9g)!T{1\">\n                                <field name=\"NUM\">1</field>\n                              </block>\n                            </value>\n                          </block>\n                        </value>\n                        <next>\n                          <block type=\"demo_monster_talk\" id=\"kEHKA`~{9uHls%6Y]6H[\">\n                            <field name=\"name_\">demoMonster01</field>\n                            <value name=\"val_\">\n                              <block type=\"mpu9250_val\" id=\"Fb]GThd6EGsVIz0F.dm)\">\n                                <field name=\"val_\">accVals[0]</field>\n                              </block>\n                            </value>\n                            <next>\n                              <block type=\"delay\" id=\"BLtCBNBi)V:g?:m^}{@#\">\n                                <value name=\"secs_\">\n                                  <block type=\"math_number\" id=\"^MCP7ii:~NH+3,QV[XTs\">\n                                    <field name=\"NUM\">0.1</field>\n                                  </block>\n                                </value>\n                              </block>\n                            </next>\n                          </block>\n                        </next>\n                      </block>\n                    </statement>\n                  </block>\n                </next>\n              </block>\n            </next>\n          </block>\n        </next>\n      </block>\n    </statement>\n  </block>\n  <block type=\"procedures_defnoreturn\" id=\":_69u@(DNfc=4Q|G)1s=\" x=\"63\" y=\"388\">\n    <mutation>\n      <arg name=\"x\"></arg>\n    </mutation>\n    <field name=\"NAME\">power</field>\n    <comment pinned=\"false\" h=\"80\" w=\"160\">描述此函數...</comment>\n    <statement name=\"STACK\">\n      <block type=\"controls_if\" id=\"o((%:JDH)#gldV/8a`.0\">\n        <mutation else=\"1\"></mutation>\n        <value name=\"IF0\">\n          <block type=\"logic_compare\" id=\"YPD6-`14}0Ij@~vEtyOL\">\n            <field name=\"OP\">LTE</field>\n            <value name=\"A\">\n              <block type=\"lists_length_2\" id=\"8F4}LA:[lXcABE#wM%4}\">\n                <value name=\"name_\">\n                  <block type=\"variables_get\" id=\"|3*;9pxi*ny[Jbq/Xs9z\">\n                    <field name=\"VAR\">arr</field>\n                  </block>\n                </value>\n              </block>\n            </value>\n            <value name=\"B\">\n              <block type=\"math_number\" id=\"gaF=azQewJRO+q?v(cg=\">\n                <field name=\"NUM\">10</field>\n              </block>\n            </value>\n          </block>\n        </value>\n        <statement name=\"DO0\">\n          <block type=\"lists_set_2\" id=\"R0=BFWiNIneV|FJ#/^_z\">\n            <field name=\"type_\">insert</field>\n            <field name=\"pos_\">first</field>\n            <value name=\"name_\">\n              <block type=\"variables_get\" id=\"xwoi]krT)#|dV^n^)VyP\">\n                <field name=\"VAR\">arr</field>\n              </block>\n            </value>\n            <value name=\"val_\">\n              <block type=\"variables_get\" id=\"!i|jz?Hg@|.)()}wvfX!\">\n                <field name=\"VAR\">x</field>\n              </block>\n            </value>\n          </block>\n        </statement>\n        <statement name=\"ELSE\">\n          <block type=\"variables_set\" id=\"q}bc!U0^=Y5rU:^:mbPs\">\n            <field name=\"VAR\">temp</field>\n            <value name=\"VALUE\">\n              <block type=\"lists_get_2\" id=\"OnvH0C)Y%CR!6^g]3S+!\">\n                <field name=\"type_\">getAndRemove</field>\n                <field name=\"pos_\">last</field>\n                <value name=\"val_\">\n                  <block type=\"variables_get\" id=\"w0{WBw:rJ1sf_p#oNvz1\">\n                    <field name=\"VAR\">arr</field>\n                  </block>\n                </value>\n              </block>\n            </value>\n            <next>\n              <block type=\"lists_set_2\" id=\"[:62Aqqs{p4H}2J]HAUr\">\n                <field name=\"type_\">insert</field>\n                <field name=\"pos_\">first</field>\n                <value name=\"name_\">\n                  <block type=\"variables_get\" id=\"_R+1cFKj~m-#[[8[aJgv\">\n                    <field name=\"VAR\">arr</field>\n                  </block>\n                </value>\n                <value name=\"val_\">\n                  <block type=\"variables_get\" id=\"0%M%uSj3?P5UE*wgi)~k\">\n                    <field name=\"VAR\">x</field>\n                  </block>\n                </value>\n              </block>\n            </next>\n          </block>\n        </statement>\n        <next>\n          <block type=\"variables_set\" id=\".o6`gci(|I]cqDd!JM.J\">\n            <field name=\"VAR\">max</field>\n            <value name=\"VALUE\">\n              <block type=\"math_round_digit\" id=\"v)v|CCrL@zs.|!n*A/hZ\">\n                <field name=\"type_\">round</field>\n                <field name=\"digit_\">0</field>\n                <value name=\"round_\">\n                  <block type=\"math_on_list\" id=\"b.zG(tn`;t%jeuW@x`Q#\">\n                    <mutation op=\"MAX\"></mutation>\n                    <field name=\"OP\">MAX</field>\n                    <value name=\"LIST\">\n                      <block type=\"variables_get\" id=\"w=:5YLkmFDjYAo/+-=Nz\">\n                        <field name=\"VAR\">arr</field>\n                      </block>\n                    </value>\n                  </block>\n                </value>\n              </block>\n            </value>\n            <next>\n              <block type=\"variables_set\" id=\"{m|%[m=se%}WMt[1VJ/3\">\n                <field name=\"VAR\">avg</field>\n                <value name=\"VALUE\">\n                  <block type=\"math_round_digit\" id=\"D0NbmjF5*6DvP}kM2K1s\">\n                    <field name=\"type_\">round</field>\n                    <field name=\"digit_\">0</field>\n                    <value name=\"round_\">\n                      <block type=\"math_on_list\" id=\"_+q`7agXyxF/]wLmQK(d\">\n                        <mutation op=\"AVERAGE\"></mutation>\n                        <field name=\"OP\">AVERAGE</field>\n                        <value name=\"LIST\">\n                          <block type=\"variables_get\" id=\"3QCx49Va[hEnnI,f)hF=\">\n                            <field name=\"VAR\">arr</field>\n                          </block>\n                        </value>\n                      </block>\n                    </value>\n                  </block>\n                </value>\n                <next>\n                  <block type=\"controls_if\" id=\"qEqNqHcnD!y+ySFAw{dn\">\n                    <mutation elseif=\"4\" else=\"1\"></mutation>\n                    <value name=\"IF0\">\n                      <block type=\"logic_compare\" id=\"L[aN(,g=1jIIhhxCKsbE\">\n                        <field name=\"OP\">LTE</field>\n                        <value name=\"A\">\n                          <block type=\"variables_get\" id=\"rR,o*XG:YPZ_9)}ok*Di\">\n                            <field name=\"VAR\">max</field>\n                          </block>\n                        </value>\n                        <value name=\"B\">\n                          <block type=\"math_arithmetic\" id=\"~sUF556_(;6BQHNJ(,I[\">\n                            <field name=\"OP\">ADD</field>\n                            <value name=\"A\">\n                              <block type=\"variables_get\" id=\"eY?YwDiR}+Wd*RLU-d#C\">\n                                <field name=\"VAR\">avg</field>\n                              </block>\n                            </value>\n                            <value name=\"B\">\n                              <block type=\"math_number\" id=\"|ZWHP!C`i!kJ+Ic(d%h6\">\n                                <field name=\"NUM\">100</field>\n                              </block>\n                            </value>\n                          </block>\n                        </value>\n                      </block>\n                    </value>\n                    <statement name=\"DO0\">\n                      <block type=\"bit_matrix_off\" id=\"Wdq}QAi~2bsqZkvPz0Q:\"></block>\n                    </statement>\n                    <value name=\"IF1\">\n                      <block type=\"logic_operation\" id=\"0|BF{-m~qd;8cv%(kNds\">\n                        <field name=\"OP\">AND</field>\n                        <value name=\"A\">\n                          <block type=\"logic_compare\" id=\"/5oj]MggUy@u9YybHWCd\">\n                            <field name=\"OP\">GT</field>\n                            <value name=\"A\">\n                              <block type=\"variables_get\" id=\"Zn.rAxIC^o:4pu9ARACO\">\n                                <field name=\"VAR\">max</field>\n                              </block>\n                            </value>\n                            <value name=\"B\">\n                              <block type=\"math_arithmetic\" id=\"oZgra:ge^YpyKn_{jUR]\">\n                                <field name=\"OP\">ADD</field>\n                                <value name=\"A\">\n                                  <block type=\"variables_get\" id=\"AHy#M+_{TP5!XMDt~1e#\">\n                                    <field name=\"VAR\">avg</field>\n                                  </block>\n                                </value>\n                                <value name=\"B\">\n                                  <block type=\"math_number\" id=\"4Bi*f`Dc~JwwlydiV[:M\">\n                                    <field name=\"NUM\">100</field>\n                                  </block>\n                                </value>\n                              </block>\n                            </value>\n                          </block>\n                        </value>\n                        <value name=\"B\">\n                          <block type=\"logic_compare\" id=\"E!o4hOuw{CVm%1k6Rw(0\">\n                            <field name=\"OP\">LTE</field>\n                            <value name=\"A\">\n                              <block type=\"variables_get\" id=\"9*Su2Z~@MEtxIces_IaA\">\n                                <field name=\"VAR\">max</field>\n                              </block>\n                            </value>\n                            <value name=\"B\">\n                              <block type=\"math_arithmetic\" id=\"V.9(-AM86(*~_eQKrQv{\">\n                                <field name=\"OP\">ADD</field>\n                                <value name=\"A\">\n                                  <block type=\"variables_get\" id=\"ke!7Wv#iYq*N3NpHqNwZ\">\n                                    <field name=\"VAR\">avg</field>\n                                  </block>\n                                </value>\n                                <value name=\"B\">\n                                  <block type=\"math_number\" id=\"O4d@bJw_#=)W1AG/^Vd@\">\n                                    <field name=\"NUM\">200</field>\n                                  </block>\n                                </value>\n                              </block>\n                            </value>\n                          </block>\n                        </value>\n                      </block>\n                    </value>\n                    <statement name=\"DO1\">\n                      <block type=\"bit_matrix_color_output\" id=\"8w,JlQyJ`u?^/[]#nNoZ\">\n                        <value name=\"color_input\">\n                          <block type=\"bit_matrix_color_array\" id=\"zH`mugx`07nHtN4ZU-72\">\n                            <field name=\"mcolor_\">#33ccff</field>\n                            <field name=\"led_0_\">#000000</field>\n                            <field name=\"led_1_\">#000000</field>\n                            <field name=\"led_2_\">#000000</field>\n                            <field name=\"led_3_\">#000000</field>\n                            <field name=\"led_4_\">#000000</field>\n                            <field name=\"led_5_\">#000000</field>\n                            <field name=\"led_6_\">#000000</field>\n                            <field name=\"led_7_\">#000000</field>\n                            <field name=\"led_8_\">#000000</field>\n                            <field name=\"led_9_\">#000000</field>\n                            <field name=\"led_10_\">#000000</field>\n                            <field name=\"led_11_\">#000000</field>\n                            <field name=\"led_12_\">#000000</field>\n                            <field name=\"led_13_\">#000000</field>\n                            <field name=\"led_14_\">#000000</field>\n                            <field name=\"led_15_\">#000000</field>\n                            <field name=\"led_16_\">#000000</field>\n                            <field name=\"led_17_\">#000000</field>\n                            <field name=\"led_18_\">#000000</field>\n                            <field name=\"led_19_\">#000000</field>\n                            <field name=\"led_20_\">#33CCFF</field>\n                            <field name=\"led_21_\">#33CCFF</field>\n                            <field name=\"led_22_\">#33CCFF</field>\n                            <field name=\"led_23_\">#33CCFF</field>\n                            <field name=\"led_24_\">#33CCFF</field>\n                          </block>\n                        </value>\n                      </block>\n                    </statement>\n                    <value name=\"IF2\">\n                      <block type=\"logic_operation\" id=\"c~`FmjiwcNTiDhz3A;,E\">\n                        <field name=\"OP\">AND</field>\n                        <value name=\"A\">\n                          <block type=\"logic_compare\" id=\"ncGc|nYq)-X,?0`#[#Te\">\n                            <field name=\"OP\">GT</field>\n                            <value name=\"A\">\n                              <block type=\"variables_get\" id=\"0q,^;0Z;~Z?FCkz`u%.A\">\n                                <field name=\"VAR\">max</field>\n                              </block>\n                            </value>\n                            <value name=\"B\">\n                              <block type=\"math_arithmetic\" id=\"@,]_pT9K9tG7?|nq88XG\">\n                                <field name=\"OP\">ADD</field>\n                                <value name=\"A\">\n                                  <block type=\"variables_get\" id=\"XKxe]1X.{9YGy#vxK+K5\">\n                                    <field name=\"VAR\">avg</field>\n                                  </block>\n                                </value>\n                                <value name=\"B\">\n                                  <block type=\"math_number\" id=\"O4te#/]tWC9_#[RyJajV\">\n                                    <field name=\"NUM\">200</field>\n                                  </block>\n                                </value>\n                              </block>\n                            </value>\n                          </block>\n                        </value>\n                        <value name=\"B\">\n                          <block type=\"logic_compare\" id=\"rFe@qbMmF?FEWPq{bqkj\">\n                            <field name=\"OP\">LTE</field>\n                            <value name=\"A\">\n                              <block type=\"variables_get\" id=\"pjkg[|*b`sD%:`V2#(la\">\n                                <field name=\"VAR\">max</field>\n                              </block>\n                            </value>\n                            <value name=\"B\">\n                              <block type=\"math_arithmetic\" id=\"#*sYVE!+`PQbv?*,,Wop\">\n                                <field name=\"OP\">ADD</field>\n                                <value name=\"A\">\n                                  <block type=\"variables_get\" id=\"/7Y)HU|yjo3(p=FWZt{O\">\n                                    <field name=\"VAR\">avg</field>\n                                  </block>\n                                </value>\n                                <value name=\"B\">\n                                  <block type=\"math_number\" id=\"666iq!)G?=/:.S?VCvQA\">\n                                    <field name=\"NUM\">300</field>\n                                  </block>\n                                </value>\n                              </block>\n                            </value>\n                          </block>\n                        </value>\n                      </block>\n                    </value>\n                    <statement name=\"DO2\">\n                      <block type=\"bit_matrix_color_output\" id=\"cf*D[bejmhFu5#R(afCC\">\n                        <value name=\"color_input\">\n                          <block type=\"bit_matrix_color_array\" id=\"=cwV8Z)v+#=16WlS?~,P\">\n                            <field name=\"mcolor_\">#33ff33</field>\n                            <field name=\"led_0_\">#000000</field>\n                            <field name=\"led_1_\">#000000</field>\n                            <field name=\"led_2_\">#000000</field>\n                            <field name=\"led_3_\">#000000</field>\n                            <field name=\"led_4_\">#000000</field>\n                            <field name=\"led_5_\">#000000</field>\n                            <field name=\"led_6_\">#000000</field>\n                            <field name=\"led_7_\">#000000</field>\n                            <field name=\"led_8_\">#000000</field>\n                            <field name=\"led_9_\">#000000</field>\n                            <field name=\"led_10_\">#000000</field>\n                            <field name=\"led_11_\">#000000</field>\n                            <field name=\"led_12_\">#000000</field>\n                            <field name=\"led_13_\">#000000</field>\n                            <field name=\"led_14_\">#000000</field>\n                            <field name=\"led_15_\">#33FF33</field>\n                            <field name=\"led_16_\">#33FF33</field>\n                            <field name=\"led_17_\">#33FF33</field>\n                            <field name=\"led_18_\">#33FF33</field>\n                            <field name=\"led_19_\">#33FF33</field>\n                            <field name=\"led_20_\">#33CCFF</field>\n                            <field name=\"led_21_\">#33CCFF</field>\n                            <field name=\"led_22_\">#33CCFF</field>\n                            <field name=\"led_23_\">#33CCFF</field>\n                            <field name=\"led_24_\">#33CCFF</field>\n                          </block>\n                        </value>\n                      </block>\n                    </statement>\n                    <value name=\"IF3\">\n                      <block type=\"logic_operation\" id=\"Ecbc`[Y^/VN*Jm|dQZd0\">\n                        <field name=\"OP\">AND</field>\n                        <value name=\"A\">\n                          <block type=\"logic_compare\" id=\"#^jT3,G*F-T/{mjRklJC\">\n                            <field name=\"OP\">GT</field>\n                            <value name=\"A\">\n                              <block type=\"variables_get\" id=\"sMv/*x-d}C}0=ItMqz#c\">\n                                <field name=\"VAR\">max</field>\n                              </block>\n                            </value>\n                            <value name=\"B\">\n                              <block type=\"math_arithmetic\" id=\"zaU9zjhU`)dR[mka2!g2\">\n                                <field name=\"OP\">ADD</field>\n                                <value name=\"A\">\n                                  <block type=\"variables_get\" id=\"IQ5b%~MYB!E.v;J(DjP(\">\n                                    <field name=\"VAR\">avg</field>\n                                  </block>\n                                </value>\n                                <value name=\"B\">\n                                  <block type=\"math_number\" id=\"%Ud?s[bT8Y;/zd)%5a{x\">\n                                    <field name=\"NUM\">300</field>\n                                  </block>\n                                </value>\n                              </block>\n                            </value>\n                          </block>\n                        </value>\n                        <value name=\"B\">\n                          <block type=\"logic_compare\" id=\"g9slw!=.AU4UMky2K0EN\">\n                            <field name=\"OP\">LTE</field>\n                            <value name=\"A\">\n                              <block type=\"variables_get\" id=\"%/,rC,T.RC!laLUAlgOM\">\n                                <field name=\"VAR\">max</field>\n                              </block>\n                            </value>\n                            <value name=\"B\">\n                              <block type=\"math_arithmetic\" id=\"GM|q0YxCg=}@wn:cCHgD\">\n                                <field name=\"OP\">ADD</field>\n                                <value name=\"A\">\n                                  <block type=\"variables_get\" id=\"z2VE#_:@X^kcBl82V@*/\">\n                                    <field name=\"VAR\">avg</field>\n                                  </block>\n                                </value>\n                                <value name=\"B\">\n                                  <block type=\"math_number\" id=\";iyJ4P;?pC]+fR^u).Xx\">\n                                    <field name=\"NUM\">400</field>\n                                  </block>\n                                </value>\n                              </block>\n                            </value>\n                          </block>\n                        </value>\n                      </block>\n                    </value>\n                    <statement name=\"DO3\">\n                      <block type=\"bit_matrix_color_output\" id=\"cp53B?y[E!siDPs?.VF)\">\n                        <value name=\"color_input\">\n                          <block type=\"bit_matrix_color_array\" id=\")gW/cm9E4u#,CeOr0/Zd\">\n                            <field name=\"mcolor_\">#ffcc00</field>\n                            <field name=\"led_0_\">#000000</field>\n                            <field name=\"led_1_\">#000000</field>\n                            <field name=\"led_2_\">#000000</field>\n                            <field name=\"led_3_\">#000000</field>\n                            <field name=\"led_4_\">#000000</field>\n                            <field name=\"led_5_\">#000000</field>\n                            <field name=\"led_6_\">#000000</field>\n                            <field name=\"led_7_\">#000000</field>\n                            <field name=\"led_8_\">#000000</field>\n                            <field name=\"led_9_\">#000000</field>\n                            <field name=\"led_10_\">#FFCC00</field>\n                            <field name=\"led_11_\">#FFCC00</field>\n                            <field name=\"led_12_\">#FFCC00</field>\n                            <field name=\"led_13_\">#FFCC00</field>\n                            <field name=\"led_14_\">#FFCC00</field>\n                            <field name=\"led_15_\">#33FF33</field>\n                            <field name=\"led_16_\">#33FF33</field>\n                            <field name=\"led_17_\">#33FF33</field>\n                            <field name=\"led_18_\">#33FF33</field>\n                            <field name=\"led_19_\">#33FF33</field>\n                            <field name=\"led_20_\">#33CCFF</field>\n                            <field name=\"led_21_\">#33CCFF</field>\n                            <field name=\"led_22_\">#33CCFF</field>\n                            <field name=\"led_23_\">#33CCFF</field>\n                            <field name=\"led_24_\">#33CCFF</field>\n                          </block>\n                        </value>\n                      </block>\n                    </statement>\n                    <value name=\"IF4\">\n                      <block type=\"logic_operation\" id=\"pZ]SeF)uK!3UoMxq/Bj{\">\n                        <field name=\"OP\">AND</field>\n                        <value name=\"A\">\n                          <block type=\"logic_compare\" id=\".Q%Lj.w+~cB#uioZ3VXM\">\n                            <field name=\"OP\">GT</field>\n                            <value name=\"A\">\n                              <block type=\"variables_get\" id=\"L;tMc+w2|p+wjw!8pHQx\">\n                                <field name=\"VAR\">max</field>\n                              </block>\n                            </value>\n                            <value name=\"B\">\n                              <block type=\"math_arithmetic\" id=\"@6Bz9=EGC;jE+^PP1Di?\">\n                                <field name=\"OP\">ADD</field>\n                                <value name=\"A\">\n                                  <block type=\"variables_get\" id=\"hLRHut:6}b{-}U(M9`y?\">\n                                    <field name=\"VAR\">avg</field>\n                                  </block>\n                                </value>\n                                <value name=\"B\">\n                                  <block type=\"math_number\" id=\"5L:.VR8ZF[s|Ce[].+^E\">\n                                    <field name=\"NUM\">400</field>\n                                  </block>\n                                </value>\n                              </block>\n                            </value>\n                          </block>\n                        </value>\n                        <value name=\"B\">\n                          <block type=\"logic_compare\" id=\"nAh3ISH{N)Ky|sDKc}Q1\">\n                            <field name=\"OP\">LTE</field>\n                            <value name=\"A\">\n                              <block type=\"variables_get\" id=\"V4s7|U:h49Ug2aAH|sb4\">\n                                <field name=\"VAR\">max</field>\n                              </block>\n                            </value>\n                            <value name=\"B\">\n                              <block type=\"math_arithmetic\" id=\"LJ^o5JqNv2/B.-rjPJ8u\">\n                                <field name=\"OP\">ADD</field>\n                                <value name=\"A\">\n                                  <block type=\"variables_get\" id=\"SxN_jZ?n.i3/2b1|@%cd\">\n                                    <field name=\"VAR\">avg</field>\n                                  </block>\n                                </value>\n                                <value name=\"B\">\n                                  <block type=\"math_number\" id=\"1QKy2V)dVw?{vH,!CX;U\">\n                                    <field name=\"NUM\">500</field>\n                                  </block>\n                                </value>\n                              </block>\n                            </value>\n                          </block>\n                        </value>\n                      </block>\n                    </value>\n                    <statement name=\"DO4\">\n                      <block type=\"bit_matrix_color_output\" id=\"d36lc/a9kUU{XlEVrgy9\">\n                        <value name=\"color_input\">\n                          <block type=\"bit_matrix_color_array\" id=\"JB(}6u@nWkebV/L!8W#=\">\n                            <field name=\"mcolor_\">#ff6600</field>\n                            <field name=\"led_0_\">#000000</field>\n                            <field name=\"led_1_\">#000000</field>\n                            <field name=\"led_2_\">#000000</field>\n                            <field name=\"led_3_\">#000000</field>\n                            <field name=\"led_4_\">#000000</field>\n                            <field name=\"led_5_\">#FF6600</field>\n                            <field name=\"led_6_\">#FF6600</field>\n                            <field name=\"led_7_\">#FF6600</field>\n                            <field name=\"led_8_\">#FF6600</field>\n                            <field name=\"led_9_\">#FF6600</field>\n                            <field name=\"led_10_\">#FFCC00</field>\n                            <field name=\"led_11_\">#FFCC00</field>\n                            <field name=\"led_12_\">#FFCC00</field>\n                            <field name=\"led_13_\">#FFCC00</field>\n                            <field name=\"led_14_\">#FFCC00</field>\n                            <field name=\"led_15_\">#33FF33</field>\n                            <field name=\"led_16_\">#33FF33</field>\n                            <field name=\"led_17_\">#33FF33</field>\n                            <field name=\"led_18_\">#33FF33</field>\n                            <field name=\"led_19_\">#33FF33</field>\n                            <field name=\"led_20_\">#33CCFF</field>\n                            <field name=\"led_21_\">#33CCFF</field>\n                            <field name=\"led_22_\">#33CCFF</field>\n                            <field name=\"led_23_\">#33CCFF</field>\n                            <field name=\"led_24_\">#33CCFF</field>\n                          </block>\n                        </value>\n                      </block>\n                    </statement>\n                    <statement name=\"ELSE\">\n                      <block type=\"bit_matrix_color_output\" id=\"|hxSqfT*[7T{RS^mLTod\">\n                        <value name=\"color_input\">\n                          <block type=\"bit_matrix_color_array\" id=\"T5u1(=F8tMfGvOz-7K8Q\">\n                            <field name=\"mcolor_\">#ff0000</field>\n                            <field name=\"led_0_\">#FF0000</field>\n                            <field name=\"led_1_\">#FF0000</field>\n                            <field name=\"led_2_\">#FF0000</field>\n                            <field name=\"led_3_\">#FF0000</field>\n                            <field name=\"led_4_\">#FF0000</field>\n                            <field name=\"led_5_\">#FF6600</field>\n                            <field name=\"led_6_\">#FF6600</field>\n                            <field name=\"led_7_\">#FF6600</field>\n                            <field name=\"led_8_\">#FF6600</field>\n                            <field name=\"led_9_\">#FF6600</field>\n                            <field name=\"led_10_\">#FFCC00</field>\n                            <field name=\"led_11_\">#FFCC00</field>\n                            <field name=\"led_12_\">#FFCC00</field>\n                            <field name=\"led_13_\">#FFCC00</field>\n                            <field name=\"led_14_\">#FFCC00</field>\n                            <field name=\"led_15_\">#33FF33</field>\n                            <field name=\"led_16_\">#33FF33</field>\n                            <field name=\"led_17_\">#33FF33</field>\n                            <field name=\"led_18_\">#33FF33</field>\n                            <field name=\"led_19_\">#33FF33</field>\n                            <field name=\"led_20_\">#33CCFF</field>\n                            <field name=\"led_21_\">#33CCFF</field>\n                            <field name=\"led_22_\">#33CCFF</field>\n                            <field name=\"led_23_\">#33CCFF</field>\n                            <field name=\"led_24_\">#33CCFF</field>\n                          </block>\n                        </value>\n                      </block>\n                    </statement>\n                  </block>\n                </next>\n              </block>\n            </next>\n          </block>\n        </next>\n      </block>\n    </statement>\n  </block>\n</xml>"}