{"platform":"wbit","type":"json","xml":"<xml xmlns=\"http://www.w3.org/1999/xhtml\">\n  <block type=\"demo_monster_click\" id=\"_(apw]B,*`?t}4X5Ux8`\" x=\"63\" y=\"63\">\n    <field name=\"name_\">demoMonster03</field>\n    <statement name=\"do_\">\n      <block type=\"demo_monster_talk\" id=\"bgGl.+(7TZV1tUHY_{iO\">\n        <field name=\"name_\">demoMonster03</field>\n        <value name=\"val_\">\n          <block type=\"text\" id=\"J(UO)K.*|1BHQtCv~t8]\">\n            <field name=\"TEXT\">你好，我是小黃</field>\n          </block>\n        </value>\n        <next>\n          <block type=\"speak_async\" id=\"zLuo=|ly@*%gpl[BsbXM\">\n            <comment pinned=\"false\" h=\"80\" w=\"160\">朗讀結束後，才會繼續執行下方程式</comment>\n            <value name=\"text_\">\n              <block type=\"text\" id=\"R3M*o9C(ERZ#K=`f*{^!\">\n                <field name=\"TEXT\">你好，我是小黃</field>\n              </block>\n            </value>\n            <value name=\"setting_\">\n              <block type=\"speak_async_setting\" id=\"^aiAwgDV`~fudNdl-_X:\">\n                <field name=\"lang_\">zh-TW</field>\n                <field name=\"pitch_\">1</field>\n                <field name=\"rate_\">1</field>\n              </block>\n            </value>\n            <next>\n              <block type=\"demo_monster_dont_talk\" id=\"m00_J=JeQ)y(bo)+_R}y\">\n                <field name=\"name_\">demoMonster03</field>\n              </block>\n            </next>\n          </block>\n        </next>\n      </block>\n    </statement>\n    <next>\n      <block type=\"demo_monster_click\" id=\"aGk.c7|7MaS2nHX,*#p2\">\n        <field name=\"name_\">demoMonster01</field>\n        <statement name=\"do_\">\n          <block type=\"demo_monster_talk\" id=\":/Gn.b+~ngyE9,,,@!Zn\">\n            <field name=\"name_\">demoMonster01</field>\n            <value name=\"val_\">\n              <block type=\"text\" id=\"(LartaQid#v)ctrg1pCW\">\n                <field name=\"TEXT\">我是綠光戰警</field>\n              </block>\n            </value>\n            <next>\n              <block type=\"speak_async\" id=\"0j,5kC-k[-sc%~4EBY#I\">\n                <comment pinned=\"false\" h=\"80\" w=\"160\">朗讀結束後，才會繼續執行下方程式</comment>\n                <value name=\"text_\">\n                  <block type=\"text\" id=\"h}DSE6Yd(GDgGl8UIZ`U\">\n                    <field name=\"TEXT\">我是綠光戰警</field>\n                  </block>\n                </value>\n                <value name=\"setting_\">\n                  <block type=\"speak_async_setting\" id=\":{4*)axs(p5rpP}V{OkL\">\n                    <field name=\"lang_\">zh-TW</field>\n                    <field name=\"pitch_\">1</field>\n                    <field name=\"rate_\">1</field>\n                  </block>\n                </value>\n                <next>\n                  <block type=\"demo_monster_dont_talk\" id=\"sbh]pmLT(8nni`4{V+ce\">\n                    <field name=\"name_\">demoMonster01</field>\n                  </block>\n                </next>\n              </block>\n            </next>\n          </block>\n        </statement>\n        <next>\n          <block type=\"demo_monster_click\" id=\"~y[S1o3Ci-,1a-/dp97c\">\n            <field name=\"name_\">demoMonster02</field>\n            <statement name=\"do_\">\n              <block type=\"demo_monster_talk\" id=\"y525RP7c+O14jp!!kDB)\">\n                <field name=\"name_\">demoMonster02</field>\n                <value name=\"val_\">\n                  <block type=\"text\" id=\"3LP5Et7Q?G#~SYaxA*E.\">\n                    <field name=\"TEXT\">紅紅紅紅紅紅色啦</field>\n                  </block>\n                </value>\n                <next>\n                  <block type=\"speak_async\" id=\"qedaWZh-Jwvtp#!WfzX%\">\n                    <comment pinned=\"false\" h=\"80\" w=\"160\">朗讀結束後，才會繼續執行下方程式</comment>\n                    <value name=\"text_\">\n                      <block type=\"text\" id=\"rhTt`.g@ChRS;|n7~p#d\">\n                        <field name=\"TEXT\">紅紅紅紅紅紅色啦</field>\n                      </block>\n                    </value>\n                    <value name=\"setting_\">\n                      <block type=\"speak_async_setting\" id=\"^hw?9wP1I}s|B[98`(G*\">\n                        <field name=\"lang_\">zh-TW</field>\n                        <field name=\"pitch_\">1</field>\n                        <field name=\"rate_\">1</field>\n                      </block>\n                    </value>\n                    <next>\n                      <block type=\"demo_monster_dont_talk\" id=\"42ZUX64*ov7obimUjDGv\">\n                        <field name=\"name_\">demoMonster02</field>\n                      </block>\n                    </next>\n                  </block>\n                </next>\n              </block>\n            </statement>\n            <next>\n              <block type=\"demo_monster_click\" id=\"cw{=vw!hUeJ]@~I.8q0#\">\n                <field name=\"name_\">demoMonster04</field>\n                <statement name=\"do_\">\n                  <block type=\"demo_monster_talk\" id=\"xZ+69%1p4QkM!GXM[ucP\">\n                    <field name=\"name_\">demoMonster04</field>\n                    <value name=\"val_\">\n                      <block type=\"text\" id=\",IR,O2~l(W77XG.Tdo`o\">\n                        <field name=\"TEXT\">我愛藍藍的天空</field>\n                      </block>\n                    </value>\n                    <next>\n                      <block type=\"speak_async\" id=\"l5451ZQ1RX-i:k4LjsvN\">\n                        <comment pinned=\"false\" h=\"80\" w=\"160\">朗讀結束後，才會繼續執行下方程式</comment>\n                        <value name=\"text_\">\n                          <block type=\"text\" id=\"tyMIwS:IeYul4`n^^T*L\">\n                            <field name=\"TEXT\">我愛藍藍的天空</field>\n                          </block>\n                        </value>\n                        <value name=\"setting_\">\n                          <block type=\"speak_async_setting\" id=\"dbu;!9Y-RB:8@oK5Q`O8\">\n                            <field name=\"lang_\">zh-TW</field>\n                            <field name=\"pitch_\">1</field>\n                            <field name=\"rate_\">1</field>\n                          </block>\n                        </value>\n                        <next>\n                          <block type=\"demo_monster_dont_talk\" id=\"f5UU2j.~oZ_C_*@{+o2(\">\n                            <field name=\"name_\">demoMonster04</field>\n                          </block>\n                        </next>\n                      </block>\n                    </next>\n                  </block>\n                </statement>\n              </block>\n            </next>\n          </block>\n        </next>\n      </block>\n    </next>\n  </block>\n</xml>"}