<category id="catWS2812" tags="mark1,fly,smart" index="6">
  <block type="variables_set">
    <field name="VAR">ws2812</field>
    <value name="VALUE">
      <block type="ws2812_new">
        <field name="pin">10</field>
      </block>
    </value>
  </block>
  <block type="ws2812_print">
    <value name="led">
      <block type="math_number">
        <field name="NUM">0</field>
      </block>
    </value>
    <value name="color">
      <block type="colour_picker"></block>
    </value>
  </block>
  <block type="ws2812_data">
    <value name="data">
      <block type="text">
        <field name="TEXT">01050505020500000300050004000005</field>
      </block>
    </value>
  </block>  
  <block type="ws2812_brightness">
    <value name="brightness">
      <block type="math_number">
        <field name="NUM">0</field>
      </block>
    </value>
  </block>
  <block type="ws2812_off"></block>
</category>