<category id="catG3" tags="fly,mark1,smart" index="3">
  <block type="variables_set">
    <field name="VAR">g3</field>
    <value name="VALUE">
      <block type="g3_new">
        <field name="rx_">2</field>
        <field name="tx_">3</field>
      </block>
    </value>
  </block>
  <block type="g3_get">
    <value name="time">
      <block type="math_number">
        <field name="NUM">1000</field>
      </block>
    </value>
  </block>
  <block type="g3_get_number"></block>
  <block type="g3_trigger"></block>
  <block type="g3_read"></block>
</category>